max_altitude,max_altitude_time,max_speed,max_velocity_time
250162.81509198528,1469.6799999988084,3316642.8329055305,0.0
