max_altitude,max_altitude_time,max_speed,max_velocity_time
49761265.20417531,23252.609999211738,6232459.335979813,0.0
