max_altitude,max_altitude_time,max_speed,max_velocity_time
2769004.502140142,3995.5200000407926,8729132.201694727,0.0
