max_altitude,max_altitude_time,max_speed,max_velocity_time
47371870.18159699,22145.07999938902,6277924.364380265,0.0
