max_altitude,max_altitude_time,max_speed,max_velocity_time
38614632.64892613,20851.379999596105,7830383.748416862,0.0
