max_altitude,max_altitude_time,max_speed,max_velocity_time
43779674.8858331,21291.619999525636,6703817.764700536,0.0
