max_altitude,max_altitude_time,max_speed,max_velocity_time
44068973.06579102,23778.769999127515,7970699.947234639,0.0
