max_altitude,max_altitude_time,max_speed,max_velocity_time
43211259.68987984,22611.919999314294,7506785.373590898,0.0
