max_altitude,max_altitude_time,max_speed,max_velocity_time
74571264.33491553,45750.580000333495,8957943.722733783,0.0
