max_altitude,max_altitude_time,max_speed,max_velocity_time
45310482.903628714,21470.19999949705,6436276.309835215,0.0
