max_altitude,max_altitude_time,max_speed,max_velocity_time
43011608.03975706,21668.79999946526,7068654.659222973,0.0
