max_altitude,max_altitude_time,max_speed,max_velocity_time
52300305.14311833,24727.88999897559,6296526.87985726,0.0
